ID,assessmentDate,creditScore,riskLevel,creditStatus,assessmentNotes,approvedLimit,customer_ID,contract_ID,prospectReport
550e8400-e29b-41d4-a716-446655440021,2024-01-01,850,"LOW","APPROVED","Excellent credit history and strong financials",1000000.00,550e8400-e29b-41d4-a716-446655440001,550e8400-e29b-41d4-a716-446655440011,"* Prospect Report
** Credit Analysis
tbd"
550e8400-e29b-41d4-a716-446655440022,2024-02-01,720,"MEDIUM","APPROVED","Good credit profile with minor concerns",750000.00,550e8400-e29b-41d4-a716-446655440002,550e8400-e29b-41d4-a716-446655440012,"* Prospect Report
** Credit Analysis
tbd"
550e8400-e29b-41d4-a716-446655440023,2024-01-15,650,"MEDIUM","PENDING","Under review for consulting agreement",500000.00,550e8400-e29b-41d4-a716-446655440003,550e8400-e29b-41d4-a716-446655440013,"* Prospect Report
** Credit Analysis
tbd"
